{"accuracy": [0.33679312467575073, 0.43002864718437195, 0.46385112404823303, 0.4778095781803131, 0.5059055089950562, 0.5128847360610962, 0.5361489057540894, 0.5585182309150696, 0.5477809309959412, 0.5544022917747498, 0.5615605115890503, 0.5801718235015869, 0.5688976645469666, 0.5835719108581543, 0.5968146324157715, 0.5928775668144226, 0.5987831354141235, 0.5928775668144226, 0.6385111212730408, 0.6462061405181885, 0.6351109743118286, 0.6479957103729248, 0.6567645072937012, 0.6719756722450256, 0.6692913174629211, 0.6793128252029419, 0.680744469165802, 0.6784180402755737, 0.6778811812400818, 0.6866499781608582, 0.7050822973251343, 0.713135302066803, 0.723156750202179, 0.7261989712715149, 0.7274516820907593, 0.7278096079826355, 0.7374731302261353, 0.7344309091567993, 0.7353256940841675, 0.7340730428695679, 0.7414101362228394, 0.7378310561180115, 0.7401574850082397, 0.7616320848464966, 0.7439155578613281, 0.752505362033844, 0.7523264288902283, 0.7534001469612122, 0.7555475831031799, 0.7573371529579163], "loss": [1.7745860815048218, 1.5485786199569702, 1.435290813446045, 1.4156643152236938, 1.3349403142929077, 1.2974121570587158, 1.2509276866912842, 1.212774634361267, 1.2176499366760254, 1.2017242908477783, 1.1869680881500244, 1.1413518190383911, 1.1590012311935425, 1.1328672170639038, 1.1004934310913086, 1.090049147605896, 1.0960909128189087, 1.077466368675232, 0.965360701084137, 0.9398746490478516, 0.9836277365684509, 0.9650675058364868, 0.914891242980957, 0.8906854391098022, 0.8938031196594238, 0.8920602798461914, 0.8700781464576721, 0.8560084104537964, 0.8523395657539368, 0.8475012183189392, 0.8186258673667908, 0.7639451026916504, 0.7513111233711243, 0.7476314902305603, 0.7352243661880493, 0.734204888343811, 0.7251334190368652, 0.7234988808631897, 0.7182572484016418, 0.719688355922699, 0.7048667073249817, 0.7087897062301636, 0.6974506974220276, 0.6825230121612549, 0.6880853772163391, 0.67524653673172, 0.6831204295158386, 0.6631084084510803, 0.6638646125793457, 0.6733189821243286], "val_accuracy": [0.4566929042339325, 0.5425912737846375, 0.5483178496360779, 0.5375805497169495, 0.5390121936798096, 0.5790980458259583, 0.5740873217582703, 0.5619183778762817, 0.5977093577384949, 0.5876879096031189, 0.5962777137756348, 0.6320686936378479, 0.5654975175857544, 0.6327845454216003, 0.6635648012161255, 0.623478889465332, 0.6156048774719238, 0.6370794773101807, 0.6864709854125977, 0.6864709854125977, 0.7022190690040588, 0.6814602613449097, 0.7229778170585632, 0.6893342733383179, 0.7208303213119507, 0.7129563093185425, 0.7387258410453796, 0.7272727489471436, 0.7315676212310791, 0.715103805065155, 0.74302077293396, 0.7523264288902283, 0.7530422210693359, 0.7444524168968201, 0.7351467609405518, 0.7508947849273682, 0.7616320848464966, 0.7523264288902283, 0.7716535329818726, 0.7652111649513245, 0.7652111649513245, 0.7609162330627441, 0.7666428089141846, 0.7551897168159485, 0.7695060968399048, 0.7680744528770447, 0.7738010287284851, 0.7673586010932922, 0.7616320848464966, 0.7530422210693359], "val_loss": [1.5107319355010986, 1.3397412300109863, 1.2884254455566406, 1.268652319908142, 1.3132044076919556, 1.2602733373641968, 1.2222115993499756, 1.2294634580612183, 1.18547523021698, 1.1935772895812988, 1.127756118774414, 1.0787694454193115, 1.3218541145324707, 1.0578951835632324, 1.0059223175048828, 1.034952163696289, 1.0926567316055298, 1.0672541856765747, 0.9175639152526855, 0.9316672086715698, 0.900506317615509, 0.959537148475647, 0.8527562618255615, 0.9111365675926208, 0.8400275707244873, 0.8657703399658203, 0.8002650737762451, 0.8214530944824219, 0.8169366717338562, 0.8756657242774963, 0.788185715675354, 0.769625723361969, 0.7668441534042358, 0.7647019028663635, 0.8024538159370422, 0.7679998874664307, 0.7450976967811584, 0.7366548180580139, 0.7181434631347656, 0.7193437218666077, 0.7149171233177185, 0.7349210381507874, 0.6952921152114868, 0.7234058380126953, 0.6853280067443848, 0.6977765560150146, 0.6803427934646606, 0.6939458847045898, 0.7164133787155151, 0.7268150448799133], "learning_rate": [0.0010000000474974513, 0.0010000000474974513, 0.0010000000474974513, 0.0010000000474974513, 0.0010000000474974513, 0.0010000000474974513, 0.0010000000474974513, 0.0010000000474974513, 0.0010000000474974513, 0.0010000000474974513, 0.0010000000474974513, 0.0010000000474974513, 0.0010000000474974513, 0.0010000000474974513, 0.0010000000474974513, 0.0010000000474974513, 0.0010000000474974513, 0.0010000000474974513, 0.0005000000237487257, 0.0005000000237487257, 0.0005000000237487257, 0.0005000000237487257, 0.0005000000237487257, 0.0005000000237487257, 0.0005000000237487257, 0.0005000000237487257, 0.0005000000237487257, 0.0005000000237487257, 0.0005000000237487257, 0.0005000000237487257, 0.0002500000118743628, 0.0002500000118743628, 0.0002500000118743628, 0.0002500000118743628, 0.0002500000118743628, 0.0002500000118743628, 0.0002500000118743628, 0.0002500000118743628, 0.0002500000118743628, 0.0002500000118743628, 0.0002500000118743628, 0.0002500000118743628, 0.0002500000118743628, 0.0002500000118743628, 0.0002500000118743628, 0.0002500000118743628, 0.0002500000118743628, 0.0002500000118743628, 0.0002500000118743628, 0.0002500000118743628]}